id,form_id,respondent_id,status,started_at,submitted_at,metadata
015a8b79-2932-4f6b-a789-825c44c74cd1,40c10e34-0e7d-491e-9c07-d486821dec0f,,completed,2024-10-28 10:00:00+00,2024-10-28 10:10:00+00,{}
077c91f9-bd0a-47a7-b28e-f943d689690a,ca27051f-5d01-4407-b718-b50439967592,,completed,2024-02-28 10:00:00+00,2024-02-28 10:10:00+00,{}
082e7ab0-f16f-4e8a-ba80-784c6b059117,8148aaa1-38dd-4e8c-815e-5b9c5ebf414f,,completed,2024-11-28 10:00:00+00,2024-11-28 10:10:00+00,{}
0eb473a6-47b5-4698-a073-c26bbd27c688,c3c5d979-bbe0-4b97-ba57-1cb36a7b2a14,,completed,2024-03-28 10:00:00+00,2024-03-28 10:10:00+00,{}
317d964d-2d92-462c-b0db-178a2f9d99a1,8148aaa1-38dd-4e8c-815e-5b9c5ebf414f,,completed,2024-11-28 10:00:00+00,2024-11-28 10:10:00+00,{}
43905479-e810-4a00-a844-f0fa69781175,3f8d31f0-9923-42b4-abb5-87f2db77ead1,,completed,2024-08-28 10:00:00+00,2024-08-28 10:10:00+00,{}
450ab16e-bb2a-43cc-af65-424a4c97f8ac,c3c5d979-bbe0-4b97-ba57-1cb36a7b2a14,,completed,2024-03-28 10:00:00+00,2024-03-28 10:10:00+00,{}
483e27dd-45bf-4459-a28b-836d79bdf230,40c10e34-0e7d-491e-9c07-d486821dec0f,,completed,2024-10-28 10:00:00+00,2024-10-28 10:10:00+00,{}
63106eb3-b8e0-4685-8f79-38060e81a0ae,34ed35f2-8b4c-4492-b2b3-b2afc040c63c,,completed,2024-12-28 10:00:00+00,2024-12-28 10:10:00+00,{}
631e28ed-cc6c-4a39-a700-4e36e242b633,ca27051f-5d01-4407-b718-b50439967592,,completed,2024-02-28 10:00:00+00,2024-02-28 10:10:00+00,{}
78138960-5e0d-4ede-97fa-401ff17c01d7,49b064a0-bd5c-4727-9f88-009e50425231,,completed,2024-07-28 10:00:00+00,2024-07-28 10:10:00+00,{}
793da95e-3ecb-49d7-a076-ddb038e59946,4a4f6cd4-dab0-4572-a760-cb9941feed88,,completed,2024-06-28 10:00:00+00,2024-06-28 10:10:00+00,{}
7bc51d97-d774-48b1-9b25-b92fc1d91179,4a4f6cd4-dab0-4572-a760-cb9941feed88,,completed,2024-06-28 10:00:00+00,2024-06-28 10:10:00+00,{}
8484b245-9f22-4a09-b804-62a4133543ef,475a85ad-e7c4-4ffc-a28b-9767f315bb3b,,completed,2024-04-28 10:00:00+00,2024-04-28 10:10:00+00,{}
8832ab06-0ee8-4fea-b577-1a8f6dff550f,1c0b8739-8636-4bf4-890b-63daf5cf136e,,completed,2024-05-28 10:00:00+00,2024-05-28 10:10:00+00,{}
9db92e1a-03ae-4cca-ad69-e0beae54f09e,9814d440-833b-41a8-81a6-20280822e30e,,completed,2024-01-28 10:00:00+00,2024-01-28 10:10:00+00,{}
ab0d2e46-266f-41ee-9c39-cc2fb61b5421,475a85ad-e7c4-4ffc-a28b-9767f315bb3b,,completed,2024-04-28 10:00:00+00,2024-04-28 10:10:00+00,{}
bb3cb146-df04-4312-b273-0175cd1ffc80,9814d440-833b-41a8-81a6-20280822e30e,,completed,2024-01-28 10:00:00+00,2024-01-28 10:10:00+00,{}
c302faf0-6a21-4c43-9388-a033b5f7e825,3f8d31f0-9923-42b4-abb5-87f2db77ead1,,completed,2024-08-28 10:00:00+00,2024-08-28 10:10:00+00,{}
c9afe303-4ac0-441a-83d2-27f3eba6e1ba,fb7795ca-13ad-49f1-936f-9a9e510a896a,,completed,2024-09-28 10:00:00+00,2024-09-28 10:10:00+00,{}
d8fc9c69-b555-4147-94b7-693396e0ead2,fb7795ca-13ad-49f1-936f-9a9e510a896a,,completed,2024-09-28 10:00:00+00,2024-09-28 10:10:00+00,{}
dfc36bc7-c07a-48c9-8d18-8eea4a187df8,49b064a0-bd5c-4727-9f88-009e50425231,,completed,2024-07-28 10:00:00+00,2024-07-28 10:10:00+00,{}
f014b185-fee0-42d7-a592-64a74dd203b8,34ed35f2-8b4c-4492-b2b3-b2afc040c63c,,completed,2024-12-28 10:00:00+00,2024-12-28 10:10:00+00,{}
f4548ea1-3959-4b2d-8de9-03f993109f94,1c0b8739-8636-4bf4-890b-63daf5cf136e,,completed,2024-05-28 10:00:00+00,2024-05-28 10:10:00+00,{}